Customer ID,Recency,Frequency,Monetary,Avg_Order_Value,Total_Quantity,Future_Orders_90D,Churn
AA-10315,94,5,5563.56,505.77818181818185,30,0.0,1
AA-10375,24,8,906.518,75.54316666666666,35,1.0,0
AA-10480,169,4,1790.5120000000002,149.20933333333335,36,0.0,1
AA-10645,392,5,5073.975,298.46911764705885,62,1.0,0
AB-10015,325,3,886.156,147.69266666666667,13,0.0,1
AB-10060,15,6,4920.081999999999,410.0068333333333,30,2.0,0
AB-10105,12,9,13629.731,757.2072777777778,65,1.0,0
AB-10150,27,4,828.014,103.50175,26,1.0,0
AB-10165,16,7,1074.046,89.50383333333333,39,1.0,0
AB-10255,76,9,914.5319999999999,65.32371428571427,39,0.0,1
AB-10600,671,3,40.808,13.602666666666666,10,1.0,0
AC-10420,142,3,925.8,185.16,17,0.0,1
AC-10450,311,5,2068.246,295.4637142857143,39,2.0,0
AC-10615,29,4,2499.756,147.0444705882353,58,1.0,0
AC-10660,192,5,657.316,109.55266666666667,16,0.0,1
AD-10180,154,6,5026.33,558.4811111111111,30,2.0,0
AF-10870,160,5,1772.522,136.34784615384615,46,2.0,0
AF-10885,325,4,861.565,123.0807142857143,37,0.0,1
AG-10270,188,5,2582.898,184.4927142857143,58,0.0,1
AG-10300,28,4,367.548,73.5096,16,0.0,1
AG-10330,424,1,248.82,124.41,15,4.0,0
AG-10390,24,5,200.945,25.118125,33,0.0,1
AG-10495,346,7,2242.479,131.91052941176468,78,1.0,0
AG-10525,755,4,1455.038,161.6708888888889,33,0.0,1
AG-10675,7,7,3489.0396000000005,232.60264000000004,54,0.0,1
AG-10765,692,3,129.732,43.244,10,1.0,0
AG-10900,6,10,4510.797,214.79985714285712,92,0.0,1
AH-10030,560,6,1725.996,172.5996,47,1.0,0
AH-10075,6,8,2067.517,159.03976923076922,50,2.0,0
AH-10120,45,6,1730.266,115.35106666666667,63,1.0,0
AH-10195,38,3,1571.422,224.48885714285714,23,1.0,0
AH-10210,29,6,3257.204,325.72040000000004,34,3.0,0
AH-10465,140,5,2495.3916,311.92395,35,0.0,1
AH-10585,87,3,722.52,180.63,15,1.0,0
AH-10690,320,12,7888.294,342.9693043478261,102,0.0,1
AI-10855,22,8,3807.2,237.95,66,2.0,0
AJ-10780,140,6,4559.568,325.6834285714286,55,1.0,0
AJ-10795,76,7,4501.391,214.35195238095235,88,0.0,1
AJ-10945,31,6,1829.896,203.32177777777778,38,1.0,0
AJ-10960,1006,2,618.608,154.652,18,1.0,0
AM-10360,126,4,635.122,90.73171428571428,29,1.0,0
AM-10705,72,8,5664.022,257.4555454545455,81,0.0,1
AO-10810,411,1,161.28,161.28,2,0.0,1
AP-10720,299,7,1500.172,88.24541176470588,75,1.0,0
AP-10915,8,10,3323.556,107.21148387096774,102,0.0,1
AR-10345,21,4,1055.694,211.1388,18,0.0,1
AR-10405,35,5,2236.128,319.44685714285714,29,0.0,1
AR-10510,279,4,254.064,42.344,28,1.0,0
AR-10540,258,5,6590.568,823.821,30,1.0,0
AR-10570,444,1,88.15,44.075,6,0.0,1
AR-10825,72,7,4138.744,344.8953333333333,52,1.0,0
AS-10045,27,6,2879.404,319.9337777777778,45,1.0,0
AS-10090,15,8,3220.66,134.19416666666666,78,1.0,0
AS-10135,322,1,4.18,4.18,1,1.0,0
AS-10225,14,4,4191.304,349.2753333333333,40,1.0,0
AS-10240,102,7,584.6080000000001,44.969846153846156,39,0.0,1
AS-10285,324,5,3097.924,442.56057142857145,32,1.0,0
AS-10630,2,7,833.398,69.44983333333333,34,0.0,1
AT-10435,182,5,75.32600000000001,12.554333333333334,16,1.0,0
AT-10735,61,9,3515.968,270.4590769230769,53,1.0,0
AW-10840,29,3,328.12800000000004,54.68800000000001,20,1.0,0
AW-10930,31,6,2837.688,189.1792,66,1.0,0
AY-10555,287,3,274.98199999999997,45.83033333333333,23,1.0,0
AZ-10750,70,6,1622.0179999999998,135.16816666666665,40,0.0,1
BB-10990,15,5,744.3399999999999,93.04249999999999,26,0.0,1
BB-11545,16,7,4228.66,264.29125,63,2.0,0
BC-11125,112,9,2933.676,162.982,60,0.0,1
BD-11320,8,11,5582.193,328.3642941176471,65,1.0,0
BD-11500,248,5,4041.264,505.158,45,1.0,0
BD-11560,188,2,320.54,80.135,11,0.0,1
BD-11605,7,7,3288.471,164.42355,74,0.0,1
BD-11620,274,5,956.04,159.34,22,1.0,0
BD-11635,666,2,511.646,127.9115,15,1.0,0
BD-11725,3,6,1526.5,152.65,29,0.0,1
BD-11770,237,6,658.466,65.8466,21,0.0,1
BE-11335,29,5,4204.676,467.1862222222223,35,0.0,1
BE-11410,8,5,2261.438,452.2876,19,0.0,1
BE-11455,164,6,1727.652,132.8963076923077,40,0.0,1
BF-10975,1,7,599.798,46.13830769230769,38,0.0,1
BF-11005,430,3,594.144,118.8288,16,1.0,0
BF-11020,13,7,2835.714,141.7857,77,1.0,0
BF-11080,19,2,240.28,60.07,20,1.0,0
BF-11170,209,10,4064.57,184.75318181818182,88,1.0,0
BF-11215,202,3,1529.546,218.50657142857145,46,1.0,0
BF-11275,83,2,430.6139999999999,143.53799999999998,9,1.0,0
BG-11035,31,6,2760.612,276.0612,32,2.0,0
BG-11695,8,5,1840.882,262.98314285714287,23,1.0,0
BG-11740,167,5,519.9879999999999,86.66466666666666,18,1.0,0
BH-11710,136,7,5882.711,267.3959545454546,89,1.0,0
BK-11260,9,5,612.778,40.851866666666666,54,1.0,0
BM-11140,217,4,11789.63,736.851875,64,0.0,1
BM-11575,10,6,808.162,80.81620000000001,22,0.0,1
BM-11650,141,8,4087.911,185.81413636363638,67,3.0,0
BM-11785,128,10,1338.842,95.63157142857143,44,0.0,1
BN-11470,201,3,254.61599999999999,50.923199999999994,14,1.0,0
BN-11515,30,4,1446.834,96.4556,74,1.0,0
BO-11350,47,5,2682.728,223.56066666666666,43,0.0,1
BO-11425,752,1,6.08,6.08,2,1.0,0
BP-11050,197,4,940.66,156.77666666666667,29,1.0,0
BP-11095,7,10,2058.092,114.33844444444445,64,2.0,0
BP-11155,83,5,1648.741,164.8741,28,1.0,0
BP-11185,35,6,3097.017,258.08475,44,3.0,0
BP-11230,290,4,1110.51,222.102,13,1.0,0
BP-11290,265,5,1806.457,180.6457,34,2.0,0
BS-11365,468,5,10501.653,1166.8503333333333,39,0.0,1
BS-11380,203,3,845.9159999999999,281.972,11,2.0,0
BS-11590,379,5,1752.9679999999998,194.7742222222222,39,1.0,0
BS-11665,492,3,3288.1099999999997,298.91909090909087,47,0.0,1
BS-11755,8,6,2474.322,206.1935,38,1.0,0
BS-11800,175,2,949.4300000000001,118.67875000000001,22,0.0,1
BT-11305,246,5,2567.656,285.2951111111111,33,0.0,1
BT-11395,212,6,2186.6130000000003,218.66130000000004,38,0.0,1
BT-11440,470,4,603.876,86.268,16,0.0,1
BT-11485,569,2,415.19599999999997,138.39866666666666,11,0.0,1
BT-11530,1,5,2684.4919999999997,268.44919999999996,44,0.0,1
BT-11680,528,5,3095.3920000000003,182.0818823529412,78,2.0,0
BV-11245,244,5,1523.2730000000001,108.8052142857143,49,0.0,1
BW-11065,122,3,385.516,128.50533333333334,8,0.0,1
BW-11110,31,8,4750.358,279.4328235294118,74,0.0,1
BW-11200,113,6,1738.406,173.8406,49,0.0,1
CA-11965,6,6,3789.7228,378.97228,29,0.0,1
CA-12055,311,5,1679.7240000000002,167.97240000000002,49,0.0,1
CA-12265,9,6,2059.46,205.946,42,3.0,0
CA-12310,637,2,831.87,118.83857142857143,16,2.0,0
CA-12775,30,7,3041.566,178.9156470588235,72,0.0,1
CB-12025,20,9,5836.219,233.44876,114,1.0,0
CB-12415,219,6,1740.8120000000001,174.08120000000002,39,2.0,0
CB-12535,107,8,4246.4555,223.49765789473685,74,0.0,1
CC-12100,367,6,1770.945,136.22653846153847,46,0.0,1
CC-12145,16,7,2471.65,224.69545454545457,31,0.0,1
CC-12220,97,10,3120.998,195.062375,59,2.0,0
CC-12370,412,3,11901.184000000001,1487.6480000000001,22,2.0,0
CC-12430,134,7,2157.9500000000003,165.99615384615387,45,3.0,0
CC-12475,1,8,1611.694,146.51763636363637,34,1.0,0
CC-12550,108,1,47.976,47.976,3,2.0,0
CC-12610,356,6,2275.223,227.5223,29,1.0,0
CC-12670,105,6,2010.2615,182.75104545454545,36,1.0,0
CC-12685,709,4,2854.1150000000002,237.8429166666667,51,0.0,1
CD-11920,128,4,474.3,94.86,20,1.0,0
CD-11980,197,2,320.806,64.1612,13,1.0,0
CD-12790,309,5,1860.732,124.0488,49,0.0,1
CG-12040,196,5,886.2280000000001,110.77850000000001,34,1.0,0
CG-12520,248,3,1148.7800000000002,229.75600000000003,14,0.0,1
CH-12070,601,3,1537.236,384.309,13,0.0,1
CJ-11875,275,1,16.52,16.52,5,0.0,1
CJ-12010,99,8,11164.974,558.2487,83,0.0,1
CK-12205,44,12,1912.223,65.93872413793103,108,1.0,0
CK-12325,30,5,2945.321,245.44341666666665,46,0.0,1
CK-12595,220,9,1549.762,73.79819047619047,84,2.0,0
CK-12760,187,8,863.014,71.91783333333333,56,1.0,0
CL-11890,16,4,1262.0140000000001,180.28771428571432,24,0.0,1
CL-12565,194,12,10880.546,388.5909285714286,106,0.0,1
CL-12700,15,5,2353.586,294.19825,34,0.0,1
CM-11815,41,6,1673.888,167.3888,38,0.0,1
CM-11935,618,2,565.392,141.348,18,0.0,1
CM-12115,184,2,800.04,200.01,17,2.0,0
CM-12160,3,4,2126.604,531.651,15,2.0,0
CM-12190,59,4,716.524,179.131,11,2.0,0
CM-12235,295,5,2305.712,288.214,28,0.0,1
CM-12385,271,3,8713.652,1244.8074285714285,26,1.0,0
CM-12445,346,3,287.99,31.99888888888889,32,0.0,1
CM-12655,322,4,4112.7076,514.08845,29,2.0,0
CM-12715,945,4,3984.4524,306.49633846153847,57,0.0,1
CP-12085,33,7,5356.366,412.0281538461538,53,1.0,0
CP-12340,70,8,5888.275,392.5516666666666,59,0.0,1
CR-12580,311,3,275.918,68.9795,15,1.0,0
CR-12625,380,3,475.9,118.975,14,0.0,1
CR-12730,405,3,695.6500000000001,139.13000000000002,13,1.0,0
CR-12820,226,2,715.9624,178.9906,16,1.0,0
CS-11845,1,5,1278.954,159.86925,22,0.0,1
CS-11860,72,6,537.632,76.80457142857142,16,0.0,1
CS-11950,73,9,2973.4570000000003,156.49773684210527,59,2.0,0
CS-12130,399,4,884.64,126.37714285714286,28,0.0,1
CS-12175,142,5,844.4580000000001,105.55725000000001,30,0.0,1
CS-12250,251,9,2311.936,105.08800000000001,84,3.0,0
CS-12355,86,8,2407.172,150.44825,57,3.0,0
CS-12400,16,7,3393.1025,308.4638636363636,38,2.0,0
CS-12460,90,1,311.96000000000004,155.98000000000002,4,1.0,0
CS-12490,334,4,1077.2285,119.69205555555556,33,0.0,1
CS-12505,310,5,5521.954999999999,690.2443749999999,35,1.0,0
CT-11995,6,8,3241.898,180.10544444444446,60,0.0,1
CV-12295,164,5,2830.6279999999997,217.74061538461535,54,0.0,1
CV-12805,27,8,2328.3536,129.35297777777777,60,1.0,0
CW-11905,141,5,543.852,54.3852,34,1.0,0
CY-12745,15,7,2381.346,264.594,36,1.0,0
Co-12640,459,5,1300.076,162.5095,30,0.0,1
DA-13450,262,4,156.76,19.595,27,0.0,1
DB-12910,20,6,1977.6819999999998,197.76819999999998,39,2.0,0
DB-12970,151,5,2839.2272,202.80194285714285,43,0.0,1
DB-13060,16,6,4074.47,452.71888888888884,30,1.0,0
DB-13120,262,6,2962.534,227.88723076923077,57,1.0,0
DB-13210,305,7,1540.907,118.53130769230769,44,3.0,0
DB-13270,104,7,3834.383,348.5802727272727,42,1.0,0
DB-13360,174,5,1081.466,180.24433333333332,28,0.0,1
DB-13405,97,4,1711.692,122.26371428571429,62,0.0,1
DB-13555,17,7,3908.8028,279.2002,61,0.0,1
DB-13615,10,6,1936.706,215.18955555555556,35,1.0,0
DB-13660,8,6,1136.242,126.2491111111111,31,1.0,0
DC-12850,13,8,3331.8080000000004,195.98870588235297,62,1.0,0
DC-13285,325,3,784.572,156.9144,29,2.0,0
DD-13570,68,5,244.482,30.56025,26,1.0,0
DE-13255,629,5,2550.874,283.43044444444445,38,0.0,1
DF-13135,610,3,2390.534,398.42233333333337,23,0.0,1
DG-13300,405,4,1135.9679999999998,189.32799999999997,26,1.0,0
DH-13075,187,6,4932.872,214.47269565217394,81,0.0,1
DH-13675,686,4,1043.096,94.8269090909091,41,0.0,1
DJ-13420,547,4,2012.52,402.504,20,0.0,1
DJ-13510,19,6,2423.344,220.304,45,2.0,0
DJ-13630,316,2,467.88,116.97,13,1.0,0
DK-12835,22,10,1816.976,86.52266666666667,74,2.0,0
DK-12895,35,4,3722.976,286.3827692307692,57,1.0,0
DK-12985,149,4,1383.72,276.744,18,1.0,0
DK-13090,222,4,1440.015,205.7164285714286,19,3.0,0
DK-13150,1031,1,433.56,216.78,9,1.0,0
DK-13225,94,8,4788.93,281.7017647058824,68,1.0,0
DK-13375,66,6,3096.07,147.43190476190478,73,2.0,0
DL-12865,10,8,1503.112,107.36514285714286,51,0.0,1
DL-12925,720,5,3196.3,290.57272727272726,33,1.0,0
DL-13315,271,6,975.608,81.30066666666666,53,2.0,0
DL-13330,338,3,543.6500000000001,77.66428571428573,29,1.0,0
DL-13495,41,7,3363.952,336.39520000000005,27,1.0,0
DM-12955,24,7,1322.034,146.89266666666668,28,0.0,1
DM-13015,38,5,5495.634,343.477125,73,2.0,0
DM-13345,176,7,3830.888,425.6542222222222,32,1.0,0
DM-13525,391,3,1376.792,137.67919999999998,33,0.0,1
DN-13690,127,7,2139.79,194.52636363636364,41,0.0,1
DO-13435,43,9,1300.0315,100.00242307692308,48,0.0,1
DO-13645,8,5,711.598,101.65685714285713,25,2.0,0
DP-13000,36,9,1050.636,61.80211764705882,58,0.0,1
DP-13105,12,6,2161.13,180.09416666666667,58,2.0,0
DP-13165,722,2,1058.616,264.654,20,0.0,1
DP-13390,268,9,5480.723999999999,391.4802857142857,50,0.0,1
DR-12880,35,8,6350.398,288.65445454545454,97,1.0,0
DR-12940,51,7,8339.348,694.9456666666666,52,1.0,0
DS-13030,3,4,1762.213,92.74805263157894,54,0.0,1
DS-13180,184,8,2862.7088000000003,159.0393777777778,62,1.0,0
DV-13045,93,3,57.12,14.28,9,2.0,0
DV-13465,112,5,2321.324,232.13240000000002,43,1.0,0
DW-13195,9,5,903.5260000000001,112.94075000000001,34,1.0,0
DW-13480,127,5,5271.628,479.2389090909091,38,0.0,1
DW-13540,8,5,344.08,38.23111111111111,21,0.0,1
DW-13585,152,7,1204.854,120.4854,44,0.0,1
Dl-13600,29,5,755.602,125.93366666666667,19,0.0,1
Dp-13240,16,9,3733.879,219.6399411764706,58,2.0,0
EA-14035,62,13,2846.705,113.8682,87,0.0,1
EB-13705,146,7,2679.286,297.6984444444445,46,2.0,0
EB-13750,168,8,2820.314,165.90082352941175,75,2.0,0
EB-13840,301,4,3714.6079999999997,928.6519999999999,20,1.0,0
EB-13870,10,10,2767.219,251.56536363636363,41,0.0,1
EB-13930,71,5,944.6000000000001,134.94285714285715,24,0.0,1
EB-13975,356,3,1608.6309999999999,402.15774999999996,14,1.0,0
EB-14110,23,6,3071.126,279.19327272727276,30,0.0,1
EB-14170,330,5,1175.51,195.91833333333332,16,1.0,0
EC-14050,62,4,423.75399999999996,70.62566666666666,28,1.0,0
ED-13885,45,8,3484.92,248.92285714285714,54,0.0,1
EG-13900,184,3,1376.516,196.64514285714287,35,2.0,0
EH-13765,45,12,10310.880000000001,322.21500000000003,120,0.0,1
EH-13945,127,8,684.1709999999999,40.24535294117646,72,0.0,1
EH-13990,315,6,825.9499999999999,103.24374999999999,20,0.0,1
EH-14005,9,5,987.108,123.3885,37,2.0,0
EH-14125,62,10,3082.653,171.2585,76,0.0,1
EH-14185,15,6,923.884,115.4855,22,0.0,1
EJ-13720,212,4,2162.174,270.27175,31,0.0,1
EJ-14155,27,4,2613.191,373.313,28,1.0,0
EK-13795,652,3,1280.118,426.70599999999996,14,1.0,0
EL-13735,527,1,86.62,86.62,2,1.0,0
EM-13810,42,5,2567.0099999999998,366.7157142857142,23,0.0,1
EM-13825,73,7,1846.83,123.122,53,1.0,0
EM-13960,61,5,933.704,155.61733333333333,18,0.0,1
EM-14065,119,3,217.78,43.556,21,1.0,0
EM-14095,23,4,1041.0420000000001,104.10420000000002,34,0.0,1
EM-14140,278,5,3616.356,241.09040000000002,57,1.0,0
EM-14200,68,3,366.822,91.7055,13,0.0,1
EN-13780,197,4,2199.366,244.374,27,0.0,1
EP-13915,28,11,4198.1588,220.9557263157895,72,6.0,0
ER-13855,331,3,1245.788,249.1576,27,0.0,1
ES-14020,16,4,3300.89,471.55571428571426,29,1.0,0
ES-14080,12,8,4487.008,249.2782222222222,66,1.0,0
FA-14230,7,7,2984.054,175.53258823529413,58,0.0,1
FC-14245,23,6,3246.894,295.1721818181818,43,1.0,0
FC-14335,94,7,3889.366,388.9366,37,0.0,1
FG-14260,12,4,1049.426,174.9043333333333,28,3.0,0
FH-14275,21,8,2886.74,160.37444444444444,59,2.0,0
FH-14350,122,4,2271.284,162.23457142857143,52,0.0,1
FH-14365,2,7,6563.023999999999,596.6385454545454,47,1.0,0
FM-14215,155,9,2274.6879999999996,162.47771428571426,45,1.0,0
FM-14290,90,6,2033.4679999999998,225.94088888888888,34,3.0,0
FM-14380,55,9,2523.266,180.23328571428573,53,0.0,1
FO-14305,104,8,2634.086,202.62199999999999,50,2.0,0
FP-14320,279,6,3664.4900000000002,305.37416666666667,47,2.0,0
FW-14395,272,3,79.75,26.583333333333332,9,0.0,1
GA-14515,59,8,3919.7760000000003,279.98400000000004,48,0.0,1
GA-14725,37,9,1086.29,77.59214285714286,44,2.0,0
GB-14530,183,10,1521.48,80.07789473684211,54,1.0,0
GB-14575,246,4,4171.908,278.1272,60,1.0,0
GD-14590,120,3,1884.214,376.8428,24,1.0,0
GG-14650,161,6,1402.648,87.6655,64,3.0,0
GH-14410,93,8,2219.482,138.717625,60,1.0,0
GH-14425,660,3,4061.056,451.22844444444445,44,1.0,0
GH-14485,297,2,1361.2440000000001,453.74800000000005,15,0.0,1
GH-14665,684,1,40.92,40.92,5,1.0,0
GK-14620,22,9,6497.27,464.09071428571434,66,0.0,1
GM-14440,64,6,3437.0559999999996,343.70559999999995,41,1.0,0
GM-14455,56,5,2795.9359999999997,310.6595555555555,47,1.0,0
GM-14500,16,10,1255.682,96.59092307692308,53,0.0,1
GM-14680,62,6,3163.628,287.60254545454546,31,0.0,1
GM-14695,27,3,6049.966,549.9969090909091,44,0.0,1
GP-14740,675,2,236.53,47.306,21,0.0,1
GR-14560,1045,2,1284.38,256.87600000000003,23,0.0,1
GT-14635,696,2,1183.792,295.948,20,1.0,0
GT-14710,41,10,11809.296,421.76057142857144,103,1.0,0
GT-14755,125,3,192.868,32.144666666666666,15,1.0,0
GW-14605,64,6,1557.843,194.730375,39,1.0,0
GZ-14470,14,8,4341.67,333.9746153846154,44,1.0,0
GZ-14545,67,4,2454.6220000000003,490.92440000000005,25,0.0,1
HA-14905,21,6,1580.996,197.6245,37,1.0,0
HA-14920,20,7,2569.958,151.174,71,1.0,0
HD-14785,679,3,251.36,35.90857142857143,31,0.0,1
HE-14800,85,3,754.242,83.80466666666666,36,1.0,0
HF-14995,308,6,2489.314,146.43023529411764,60,1.0,0
HG-14845,195,3,403.08000000000004,80.61600000000001,15,2.0,0
HG-14965,184,10,1092.58,78.04142857142857,56,2.0,0
HG-15025,111,5,3382.1440000000002,422.76800000000003,23,2.0,0
HH-15010,1129,1,123.28,61.64,4,1.0,0
HJ-14875,36,5,358.1,59.68333333333334,21,0.0,1
HK-14890,61,8,4877.784,325.18559999999997,64,0.0,1
HL-15040,363,4,2350.748,261.1942222222222,45,2.0,0
HM-14860,58,8,7772.852800000001,485.80330000000004,59,2.0,0
HM-14980,157,4,736.276,105.18228571428571,29,0.0,1
HP-14815,251,6,678.942,84.86775,36,1.0,0
HR-14770,177,4,1287.48,107.29,36,1.0,0
HR-14830,69,7,5248.787,374.91335714285714,51,0.0,1
HW-14935,27,8,9300.254,465.01270000000005,85,0.0,1
HZ-14950,17,3,107.424,26.856,13,2.0,0
IG-15085,471,3,545.404,136.351,8,1.0,0
IL-15100,52,7,5040.736,360.0525714285714,60,0.0,1
IM-15055,319,3,2872.63,718.1575,19,0.0,1
IM-15070,300,7,4930.474,234.7844761904762,93,0.0,1
JA-15970,2,8,6491.026,270.45941666666664,87,0.0,1
JB-15400,43,7,1325.1970000000001,120.47245454545455,21,3.0,0
JB-15925,647,3,900.552,112.569,32,0.0,1
JB-16000,17,5,296.946,59.3892,27,2.0,0
JB-16045,297,4,2490.655,311.331875,30,1.0,0
JC-15340,24,4,71.263,17.81575,12,0.0,1
JC-15385,85,1,1058.108,264.527,14,0.0,1
JC-15775,68,9,2772.055,173.2534375,64,0.0,1
JC-16105,759,3,703.266,175.8165,19,2.0,0
JD-15790,27,5,2152.352,307.4788571428571,26,0.0,1
JD-15895,304,11,7610.8640000000005,237.83950000000002,150,0.0,1
JD-16015,22,6,385.43,35.03909090909091,39,0.0,1
JD-16060,210,3,695.442,115.907,17,0.0,1
JD-16150,190,7,6306.5505,420.43670000000003,50,1.0,0
JE-15475,103,6,1388.682,106.8216923076923,49,0.0,1
JE-15610,9,5,7217.568,400.976,67,2.0,0
JE-15715,37,9,8663.603,412.5525238095238,89,1.0,0
JE-15745,9,12,6713.695,305.1679545454545,82,1.0,0
JE-16165,300,1,2657.81,664.4525,27,2.0,0
JF-15190,84,6,2112.8940000000002,132.05587500000001,59,1.0,0
JF-15295,135,5,955.124,68.22314285714286,42,0.0,1
JF-15355,15,6,1911.844,119.49025,58,0.0,1
JF-15415,20,5,2236.924,223.6924,48,1.0,0
JF-15490,31,11,1082.918,72.19453333333333,36,0.0,1
JF-15565,345,7,3366.964,306.08763636363636,44,1.0,0
JG-15115,668,3,2358.676,336.9537142857143,20,0.0,1
JG-15160,47,10,5670.448,354.403,63,1.0,0
JG-15310,437,3,969.9739999999999,138.5677142857143,32,3.0,0
JG-15805,133,6,1507.018,167.44644444444444,46,0.0,1
JH-15430,1315,1,55.672,27.836,7,3.0,0
JH-15820,84,6,528.91,66.11375,29,0.0,1
JH-15910,126,6,740.402,92.55025,32,1.0,0
JH-15985,330,5,7578.898,842.0997777777778,44,1.0,0
JH-16180,314,4,2256.3940000000002,451.27880000000005,28,0.0,1
JJ-15445,393,5,709.178,118.19633333333333,25,0.0,1
JJ-15760,663,2,195.0,65.0,11,0.0,1
JK-15205,365,4,2433.37,347.6242857142857,37,1.0,0
JK-15325,197,3,383.812,95.953,15,0.0,1
JK-15370,49,7,2660.772,166.29825,65,1.0,0
JK-15625,646,6,2848.208,316.4675555555556,32,1.0,0
JK-15640,90,9,4760.434,396.70283333333333,41,0.0,1
JK-15730,2,9,4862.96,255.94526315789474,83,1.0,0
JK-16090,894,1,893.0899999999999,223.27249999999998,13,2.0,0
JK-16120,27,10,2932.484,172.4990588235294,49,0.0,1
JL-15130,156,5,124.608,17.801142857142857,19,1.0,0
JL-15175,472,3,710.939,177.73475,20,2.0,0
JL-15235,29,5,2203.7,220.36999999999998,39,0.0,1
JL-15505,55,5,3148.374,196.773375,53,1.0,0
JL-15835,63,9,7748.833,298.03203846153843,108,2.0,0
JL-15850,524,6,2725.256,247.75054545454543,38,0.0,1
JM-15250,48,4,2780.626,213.8943076923077,73,2.0,0
JM-15265,294,4,1487.826,135.2569090909091,42,1.0,0
JM-15535,12,7,1733.443,173.3443,46,0.0,1
JM-15580,388,4,300.924,50.153999999999996,23,1.0,0
JM-15655,293,3,476.431,79.40516666666666,20,2.0,0
JM-15865,19,7,7625.076000000001,586.5443076923077,50,0.0,1
JM-16195,24,9,2817.654,156.53633333333335,71,1.0,0
JO-15145,258,7,2584.076,258.4076,46,2.0,0
JO-15280,2,6,1934.272,175.84290909090907,36,0.0,1
JO-15550,125,5,1090.838,99.1670909090909,42,0.0,1
JP-15460,230,6,1420.654,129.15036363636364,42,1.0,0
JP-15520,392,5,1811.4099999999999,181.141,46,2.0,0
JP-16135,12,9,1707.71,131.3623076923077,47,0.0,1
JR-15670,503,2,1156.658,385.55266666666665,14,0.0,1
JR-16210,12,4,1545.466,193.18325,32,1.0,0
JS-15595,29,4,1417.654,177.20675,35,0.0,1
JS-15685,104,3,578.208,96.368,13,1.0,0
JS-15880,444,5,3868.02,429.78,43,0.0,1
JS-15940,373,5,469.169,58.646125,37,0.0,1
JS-16030,227,4,2173.498,144.89986666666667,58,2.0,0
JW-15220,378,2,2337.166,292.14575,42,4.0,0
JW-15955,55,5,834.2360000000001,104.27950000000001,31,2.0,0
JW-16075,371,4,1428.731,204.10442857142857,38,0.0,1
KA-16525,124,5,716.7180000000001,119.45300000000002,37,2.0,0
KB-16240,7,6,3136.583,348.5092222222222,31,1.0,0
KB-16315,206,9,1569.464,71.33927272727273,62,0.0,1
KB-16405,27,3,908.821,100.98011111111111,25,0.0,1
KB-16585,140,12,2744.742,119.33660869565219,102,0.0,1
KB-16600,467,4,106.07600000000001,26.519000000000002,13,3.0,0
KC-16255,317,6,2120.954,212.0954,40,0.0,1
KC-16540,7,4,3908.262,781.6524000000001,28,0.0,1
KC-16675,128,3,699.054,139.8108,29,1.0,0
KD-16270,394,5,8282.358,517.647375,64,0.0,1
KD-16345,106,5,1856.996,206.3328888888889,32,1.0,0
KD-16495,22,12,8181.256,292.1877142857143,84,0.0,1
KD-16615,199,5,2243.5099999999998,172.5776923076923,56,0.0,1
KE-16420,371,6,1407.588,117.29899999999999,57,2.0,0
KF-16285,7,7,10604.266,589.1258888888889,67,0.0,1
KH-16330,104,6,2665.168,205.01292307692307,53,2.0,0
KH-16360,181,5,1285.932,142.88133333333334,26,1.0,0
KH-16510,688,5,1931.624,175.60218181818183,38,2.0,0
KH-16630,20,7,3888.444,259.2296,73,2.0,0
KH-16690,108,6,5264.959,376.0685,65,1.0,0
KL-16555,72,6,2928.214,162.67855555555556,67,2.0,0
KL-16645,131,11,14153.229000000001,505.47246428571435,108,1.0,0
KM-16225,325,3,1792.08,162.91636363636363,42,3.0,0
KM-16375,223,7,5615.8859999999995,295.572947368421,67,1.0,0
KM-16660,426,4,179.612,29.935333333333332,20,1.0,0
KM-16720,530,7,3638.302,145.53208,84,1.0,0
KN-16390,82,7,2215.4519999999998,147.6968,50,2.0,0
KN-16450,644,4,1897.762,271.1088571428571,39,1.0,0
KN-16705,8,8,2280.58,152.03866666666667,55,0.0,1
KS-16300,205,3,88.472,22.118,10,0.0,1
KT-16465,301,7,3057.1,218.3642857142857,45,0.0,1
KT-16480,10,10,4642.088400000001,357.0837230769231,37,0.0,1
KW-16435,6,5,4416.5199999999995,441.65199999999993,42,0.0,1
KW-16570,681,4,449.096,89.8192,22,0.0,1
LA-16780,64,11,8673.222,333.5854615384615,105,0.0,1
LB-16735,158,2,23.468,11.734,7,1.0,0
LB-16795,62,8,4985.676,207.7365,76,0.0,1
LC-16870,8,7,2274.344,103.37927272727273,75,1.0,0
LC-16885,111,10,6555.778,327.7889,83,2.0,0
LC-16930,21,7,4187.634,322.1256923076923,50,1.0,0
LC-16960,346,4,3246.626,463.8037142857143,30,0.0,1
LC-17050,22,4,2064.504,258.063,38,1.0,0
LC-17140,9,7,2538.828,158.67675,52,2.0,0
LD-16855,462,1,5.304,5.304,3,0.0,1
LD-17005,324,4,1961.934,280.27628571428573,25,0.0,1
LE-16810,132,5,1024.682,128.08525,28,1.0,0
LF-17185,227,6,3711.699,285.5153076923077,55,1.0,0
LH-16750,61,3,287.426,95.80866666666667,12,0.0,1
LH-16900,70,8,2151.476,153.67685714285716,55,1.0,0
LH-17020,149,4,318.239,53.03983333333333,34,0.0,1
LH-17155,295,9,1739.689,91.56257894736842,44,0.0,1
LL-16840,159,6,2741.2039999999997,228.43366666666665,50,0.0,1
LM-17065,301,5,1346.774,192.3962857142857,32,0.0,1
LO-17170,126,3,470.39,117.5975,20,2.0,0
LP-17080,143,3,629.9499999999999,89.99285714285713,29,1.0,0
LP-17095,26,6,3278.0589999999997,234.14707142857142,51,1.0,0
LR-16915,294,5,4493.892,299.5928,62,1.0,0
LR-17035,42,5,1879.306,156.60883333333334,44,0.0,1
LS-16945,88,6,2845.27,203.23357142857142,51,0.0,1
LS-16975,329,6,1626.074,135.50616666666667,33,3.0,0
LS-17200,6,6,1010.2560000000001,72.16114285714286,54,0.0,1
LS-17230,687,3,368.88000000000005,61.48000000000001,16,0.0,1
LS-17245,473,5,843.796,84.37960000000001,42,1.0,0
LT-16765,873,2,255.524,127.762,5,1.0,0
LT-17110,17,7,2715.5,208.8846153846154,55,1.0,0
LW-16825,280,4,2217.421,158.38721428571426,45,1.0,0
LW-16990,119,4,2498.03,312.25375,23,2.0,0
LW-17125,115,3,1259.04,251.808,15,0.0,1
LW-17215,29,6,5365.614,383.25814285714284,54,1.0,0
MA-17560,404,8,4189.921,139.66403333333335,106,3.0,0
MA-17995,96,6,2453.284,204.44033333333334,42,0.0,1
MB-17305,90,8,1133.1399999999999,75.54266666666666,48,2.0,0
MB-18085,148,6,1410.9209999999998,156.76899999999998,36,1.0,0
MC-17275,558,7,2711.252,225.93766666666667,51,1.0,0
MC-17425,309,5,4432.138,443.2138,48,0.0,1
MC-17575,55,7,1205.4470000000001,150.68087500000001,27,1.0,0
MC-17590,282,5,2262.517,150.83446666666666,44,1.0,0
MC-17605,22,8,2258.192,125.45511111111111,60,0.0,1
MC-17635,99,4,795.154,99.39425,33,0.0,1
MC-17845,291,4,1700.492,170.04919999999998,32,3.0,0
MC-18100,29,8,1413.798,108.7536923076923,48,2.0,0
MC-18130,279,5,1581.9979999999998,143.81799999999998,34,0.0,1
MD-17350,27,7,3766.382,221.5518823529412,64,0.0,1
MD-17860,33,3,276.782,46.13033333333333,29,2.0,0
ME-17320,111,7,10393.22,547.0115789473684,70,3.0,0
ME-17725,94,6,1050.5532,95.50483636363637,38,2.0,0
ME-18010,2,4,1256.944,209.49066666666667,15,0.0,1
MF-17665,331,5,937.039,117.129875,36,0.0,1
MF-18250,689,4,605.4300000000001,86.49000000000001,22,1.0,0
MG-17650,34,5,2605.772,260.5772,43,2.0,0
MG-17680,2,4,2350.188,235.0188,25,0.0,1
MG-17695,465,3,1342.282,191.7545714285714,23,0.0,1
MG-17875,26,5,1242.8329999999999,177.54757142857142,23,0.0,1
MG-17890,9,9,776.384,59.72184615384616,35,0.0,1
MG-18145,66,3,1736.969,347.3938,16,1.0,0
MG-18205,174,1,16.739,8.3695,8,0.0,1
MH-17290,29,6,2394.025,184.15576923076924,55,0.0,1
MH-17440,286,4,400.016,44.446222222222225,25,0.0,1
MH-17455,80,7,2146.694,238.52155555555555,41,1.0,0
MH-17620,65,4,1252.8,208.79999999999998,19,0.0,1
MH-17785,8,7,2203.7780000000002,200.34345454545456,42,0.0,1
MH-18025,218,3,1354.518,225.75300000000001,15,2.0,0
MH-18115,7,7,4631.373,272.4337058823529,63,2.0,0
MJ-17740,204,6,6223.51,478.7315384615385,44,1.0,0
MK-17905,49,7,2254.408,140.9005,68,1.0,0
MK-18160,150,4,1031.602,93.78200000000001,43,0.0,1
ML-17395,234,8,2658.4629999999997,147.69238888888887,63,1.0,0
ML-17410,75,5,2746.176,211.2443076923077,46,1.0,0
ML-17755,98,4,767.97,76.797,38,3.0,0
ML-18040,119,2,67.21000000000001,33.605000000000004,10,1.0,0
ML-18265,10,2,162.232,54.077333333333335,7,0.0,1
MM-17260,78,4,1314.023,219.00383333333332,17,0.0,1
MM-17920,27,9,3699.424,284.57107692307693,50,2.0,0
MM-18055,23,7,2647.225,155.71911764705882,68,1.0,0
MM-18280,13,8,734.424,66.76581818181818,31,1.0,0
MN-17935,233,4,633.728,105.62133333333333,19,2.0,0
MO-17500,362,3,831.212,207.803,14,1.0,0
MO-17800,14,8,1687.0269999999998,153.3660909090909,49,0.0,1
MO-17950,90,2,154.288,38.572,14,0.0,1
MP-17470,629,7,3206.132,229.00942857142857,77,0.0,1
MP-17965,86,8,3894.382,216.35455555555555,55,1.0,0
MP-18175,233,7,4831.194,371.6303076923077,45,2.0,0
MR-17545,35,4,639.178,106.52966666666667,29,0.0,1
MS-17365,183,10,7443.6900000000005,310.15375,105,0.0,1
MS-17530,344,4,475.65599999999995,67.95085714285713,21,0.0,1
MS-17710,323,6,1613.402,107.56013333333334,48,0.0,1
MS-17770,31,9,3144.678,165.5093684210526,73,0.0,1
MS-17830,362,4,370.348,74.06960000000001,14,0.0,1
MS-17980,667,5,267.108,44.518,25,1.0,0
MT-17815,202,5,2854.659,317.18433333333337,30,1.0,0
MT-18070,113,4,1319.4498,119.94998181818183,44,0.0,1
MV-17485,191,7,1109.862,92.4885,40,2.0,0
MV-18190,304,6,1671.234,185.69266666666667,31,1.0,0
MW-18220,278,6,5310.46,408.49692307692305,48,1.0,0
MW-18235,1229,1,3333.8999999999996,1666.9499999999998,10,1.0,0
MY-17380,70,4,1620.096,180.01066666666668,24,3.0,0
MY-18295,28,10,4122.36,216.96631578947367,84,1.0,0
MZ-17335,189,3,567.7760000000001,113.55520000000001,8,1.0,0
MZ-17515,192,6,2564.906,256.4906,39,0.0,1
NB-18580,1075,2,273.87199999999996,136.93599999999998,7,0.0,1
NB-18655,350,6,1753.612,194.84577777777778,37,3.0,0
NC-18340,134,5,2461.404,144.7884705882353,54,0.0,1
NC-18415,352,5,489.704,44.51854545454545,24,1.0,0
NC-18535,183,4,7751.242,775.1242,45,3.0,0
NC-18625,114,5,1821.742,202.41577777777778,29,0.0,1
ND-18370,168,7,4269.588,266.84925,61,2.0,0
ND-18460,93,6,2893.455,361.681875,36,0.0,1
NF-18385,41,6,7649.482,588.4216923076923,49,1.0,0
NF-18475,435,4,377.16200000000003,94.29050000000001,13,0.0,1
NF-18595,24,7,2031.472,169.28933333333333,55,0.0,1
NG-18355,44,4,1498.798,99.91986666666666,42,1.0,0
NG-18430,679,4,616.778,102.79633333333334,26,1.0,0
NH-18610,99,7,2673.29,243.02636363636364,52,0.0,1
NK-18490,7,5,451.36199999999997,56.420249999999996,41,2.0,0
NL-18310,489,3,259.20799999999997,64.80199999999999,13,1.0,0
NM-18445,70,7,6459.344,461.3817142857143,44,0.0,1
NM-18520,154,10,2161.979,144.1319333333333,60,0.0,1
NP-18325,665,5,5436.68,271.834,74,1.0,0
NP-18670,315,3,1554.462,388.6155,19,2.0,0
NP-18685,316,6,1228.698,175.52828571428572,23,0.0,1
NP-18700,48,7,7903.1825,607.9371153846154,63,0.0,1
NR-18550,120,5,2367.277,182.09823076923078,37,0.0,1
NS-18505,255,2,1897.759,189.7759,30,2.0,0
NS-18640,84,13,2964.823,114.03165384615384,113,0.0,1
NW-18400,82,7,7234.014,328.8188181818182,78,0.0,1
NZ-18565,57,8,2180.57,128.26882352941178,69,1.0,0
ON-18715,320,9,1567.52,104.50133333333333,58,0.0,1
OT-18730,97,4,3210.194,401.27425,39,1.0,0
PA-19060,13,6,729.408,104.20114285714286,27,0.0,1
PB-18805,351,2,243.31199999999998,48.6624,33,1.0,0
PB-19105,9,3,647.5479999999999,161.88699999999997,15,1.0,0
PB-19150,7,8,1456.95,132.45000000000002,54,0.0,1
PB-19210,598,2,132.738,66.369,10,0.0,1
PC-18745,308,3,1830.876,457.719,20,1.0,0
PC-19000,792,2,1061.488,353.82933333333335,18,0.0,1
PF-19120,745,4,9062.864,476.99284210526315,75,0.0,1
PF-19165,106,6,2770.0,277.0,34,0.0,1
PF-19225,24,5,2206.1279999999997,220.61279999999996,32,0.0,1
PG-18820,2,11,3023.9629999999997,125.99845833333332,77,2.0,0
PG-18895,103,7,1925.134,137.50957142857143,52,2.0,0
PJ-18835,135,6,1141.194,114.1194,35,2.0,0
PJ-19015,44,7,1824.2340000000002,182.42340000000002,25,0.0,1
PK-18910,393,2,1441.152,480.384,14,0.0,1
PK-19075,27,10,8522.114,370.5266956521739,94,2.0,0
PL-18925,101,4,216.71099999999998,30.958714285714283,26,1.0,0
PM-18940,296,3,1405.402,351.3505,16,0.0,1
PM-19135,344,3,3424.518,684.9036,29,1.0,0
PN-18775,159,6,1298.6460000000002,118.0587272727273,37,2.0,0
PO-18850,39,8,6878.2011999999995,382.1222888888889,73,3.0,0
PO-18865,57,5,1994.572,221.6191111111111,37,2.0,0
PO-19180,70,9,4893.043,271.8357222222222,65,0.0,1
PO-19195,672,4,820.136,102.517,22,1.0,0
PP-18955,7,10,7252.608,213.312,138,0.0,1
PR-18880,41,4,1832.398,166.58163636363636,42,1.0,0
PS-18760,17,6,2181.479,103.87995238095237,75,0.0,1
PS-18970,194,6,1222.219,111.11081818181819,47,2.0,0
PS-19045,146,7,6843.634,526.4333846153846,47,0.0,1
PT-19090,72,3,100.748,33.58266666666667,10,1.0,0
PV-18985,204,4,1188.786,108.07145454545456,40,1.0,0
PW-19030,57,9,3358.556,279.87966666666665,42,1.0,0
PW-19240,374,7,3922.4150000000004,326.8679166666667,39,0.0,1
QJ-19255,154,8,5903.308,491.94233333333335,54,1.0,0
RA-19285,27,7,2309.41,164.95785714285714,48,2.0,0
RA-19885,5,5,3386.234,282.1861666666667,46,2.0,0
RA-19915,44,8,4507.058,237.21357894736843,70,1.0,0
RA-19945,106,4,1365.5325,227.58875,17,1.0,0
RB-19330,1049,1,670.3779999999999,335.18899999999996,7,1.0,0
RB-19360,6,6,15117.339,839.8521666666667,71,0.0,1
RB-19435,822,6,1841.1960000000001,153.43300000000002,45,2.0,0
RB-19465,101,9,4502.736,236.9861052631579,71,3.0,0
RB-19570,260,4,328.81600000000003,54.802666666666674,24,1.0,0
RB-19645,558,5,221.084,31.583428571428573,29,0.0,1
RB-19705,17,3,2061.768,343.628,21,1.0,0
RB-19795,141,6,1939.556,161.62966666666668,56,2.0,0
RC-19825,279,6,966.409,96.6409,29,0.0,1
RC-19960,20,6,885.752,80.52290909090908,44,0.0,1
RD-19480,16,7,4256.25,304.01785714285717,57,1.0,0
RD-19585,90,10,2912.8940000000002,153.3102105263158,73,0.0,1
RD-19660,24,5,2786.632,557.3264,23,0.0,1
RD-19720,186,9,1408.6490000000001,74.13942105263159,71,1.0,0
RD-19810,240,6,899.26,81.75090909090909,41,2.0,0
RD-19900,24,9,3133.924,149.2344761904762,85,0.0,1
RD-19930,174,3,787.9720000000001,98.49650000000001,25,1.0,0
RE-19405,1007,1,48.36,48.36,5,0.0,1
RE-19450,212,5,876.696,97.41066666666667,47,0.0,1
RF-19345,300,8,3309.15,206.821875,67,0.0,1
RF-19735,64,6,2065.6459999999997,206.56459999999998,31,1.0,0
RF-19840,168,7,909.312,90.9312,42,1.0,0
RH-19495,10,4,3532.6079999999997,504.6582857142857,36,1.0,0
RH-19510,377,6,6979.18,581.5983333333334,43,0.0,1
RH-19555,429,2,740.382,246.79399999999998,11,0.0,1
RH-19600,444,3,2085.7400000000002,189.61272727272728,43,0.0,1
RK-19300,29,3,1460.192,182.524,29,0.0,1
RL-19615,31,8,6234.91,259.78791666666666,101,0.0,1
RM-19375,255,6,1453.474,161.4971111111111,29,0.0,1
RM-19675,713,4,3008.664,334.29600000000005,30,1.0,0
RM-19750,209,1,98.35,49.175,4,0.0,1
RO-19780,7,6,2575.06,321.8825,29,1.0,0
RP-19270,406,4,954.6452,79.55376666666668,47,0.0,1
RP-19390,163,11,5038.67,219.07260869565218,79,1.0,0
RP-19855,127,7,2158.556,154.18257142857144,56,1.0,0
RR-19315,321,1,7.38,7.38,2,1.0,0
RR-19525,80,6,3302.2619999999997,330.22619999999995,36,0.0,1
RS-19420,78,4,3208.24,401.03,24,1.0,0
RS-19765,23,6,3037.64,303.764,36,2.0,0
RS-19870,481,1,9.648,9.648,6,1.0,0
RW-19540,30,7,7397.401,321.6261304347826,89,0.0,1
RW-19630,171,8,3213.756,214.25039999999998,52,1.0,0
RW-19690,21,4,3053.9260000000004,234.91738461538463,47,1.0,0
SA-20830,135,9,4745.4115,237.270575,72,1.0,0
SB-20170,111,3,1348.02,192.5742857142857,24,0.0,1
SB-20185,98,6,6410.996,534.2496666666667,45,0.0,1
SB-20290,22,6,7332.812,523.7722857142857,63,1.0,0
SC-20020,691,5,3362.9636,197.8213882352941,62,0.0,1
SC-20050,1,8,4596.992,328.35657142857144,59,1.0,0
SC-20095,259,9,14142.333999999999,642.8333636363636,87,0.0,1
SC-20230,59,4,4371.9580000000005,397.4507272727273,49,0.0,1
SC-20260,97,8,3729.7929999999997,207.21072222222222,63,0.0,1
SC-20305,34,6,3556.1560000000004,395.1284444444445,51,1.0,0
SC-20380,14,8,3826.878,212.60433333333333,70,1.0,0
SC-20440,9,5,1412.4859999999999,235.4143333333333,27,2.0,0
SC-20575,2,5,902.7280000000001,128.96114285714287,30,0.0,1
SC-20680,36,6,1254.64,156.83,26,0.0,1
SC-20695,52,9,2539.2,211.6,58,1.0,0
SC-20725,97,11,5226.21,201.0080769230769,133,0.0,1
SC-20770,213,6,3742.765,196.98763157894737,65,1.0,0
SC-20800,108,3,276.88800000000003,69.22200000000001,9,1.0,0
SC-20845,41,2,280.632,70.158,13,0.0,1
SD-20485,110,9,6121.114,291.481619047619,82,0.0,1
SE-20110,35,9,12002.128,706.0075294117647,71,2.0,0
SF-20065,77,6,532.856,76.12228571428571,24,1.0,0
SF-20200,35,8,732.046,56.311230769230775,60,1.0,0
SF-20965,3,8,3307.143,220.4762,62,1.0,0
SG-20080,655,2,2567.151,256.7151,27,1.0,0
SG-20470,93,8,1884.798,134.62842857142857,62,0.0,1
SG-20605,18,6,3124.832,240.37169230769229,49,0.0,1
SG-20890,136,3,47.946,9.5892,17,0.0,1
SH-19975,9,11,2754.7115,114.77964583333333,88,2.0,0
SH-20395,21,9,2052.734,146.62385714285713,43,1.0,0
SH-20635,675,2,2096.392,1048.196,16,0.0,1
SJ-20125,5,12,3949.656,164.569,104,0.0,1
SJ-20215,46,5,804.178,100.52225,27,1.0,0
SJ-20500,163,5,1318.776,188.39657142857143,30,0.0,1
SK-19990,161,2,251.81,83.93666666666667,11,1.0,0
SL-20155,5,6,1350.982,192.99742857142857,21,1.0,0
SM-20005,331,4,244.49399999999997,40.748999999999995,26,0.0,1
SM-20320,84,4,25035.082,1788.2201428571427,48,1.0,0
SM-20905,516,1,1043.041,173.84016666666665,20,0.0,1
SM-20950,73,11,5228.872,275.20378947368425,84,1.0,0
SN-20560,21,6,1860.418,124.02786666666665,67,0.0,1
SN-20710,317,6,2873.3552,159.63084444444445,75,1.0,0
SO-20335,22,5,2418.7555,186.0581153846154,43,1.0,0
SP-20545,237,6,1306.086,130.6086,43,0.0,1
SP-20620,22,8,5241.769,238.26222727272727,70,1.0,0
SP-20650,296,9,1872.4360000000001,124.82906666666668,71,0.0,1
SP-20860,3,9,4242.956,184.47634782608696,78,1.0,0
SP-20920,199,5,3966.697,305.1305384615385,55,1.0,0
SR-20425,167,2,2826.2490000000003,471.04150000000004,25,3.0,0
SR-20740,106,8,4345.8859999999995,362.1571666666666,50,0.0,1
SS-20140,13,6,1250.916,69.49533333333333,75,2.0,0
SS-20410,20,6,3056.8070000000002,254.7339166666667,46,0.0,1
SS-20515,401,3,613.4,102.23333333333333,36,0.0,1
SS-20590,342,6,418.49,46.49888888888889,17,0.0,1
SS-20875,30,5,964.636,64.30906666666667,39,0.0,1
ST-20530,35,7,433.34000000000003,36.11166666666667,33,0.0,1
SU-20665,29,6,1910.584,127.37226666666668,47,1.0,0
SV-20365,11,10,11470.949999999999,358.46718749999997,109,0.0,1
SV-20785,230,9,4105.305,164.21220000000002,91,0.0,1
SV-20815,401,3,1259.41,251.882,22,1.0,0
SV-20935,160,4,838.028,167.6056,26,4.0,0
SW-20245,218,6,845.72,93.9688888888889,30,1.0,0
SW-20275,197,3,954.15,238.5375,14,3.0,0
SW-20350,72,3,1019.044,169.84066666666666,25,0.0,1
SW-20455,72,7,2921.544,324.616,18,0.0,1
SW-20755,444,2,758.6959999999999,94.83699999999999,27,0.0,1
SZ-20035,85,9,3099.839,172.21327777777776,64,2.0,0
TA-21385,180,3,879.1619999999999,146.527,18,1.0,0
TB-21055,29,5,1467.881,81.54894444444444,66,0.0,1
TB-21175,537,3,298.226,42.60371428571428,17,1.0,0
TB-21190,674,2,773.4540000000001,386.72700000000003,16,2.0,0
TB-21250,259,7,1602.376,84.33557894736842,74,0.0,1
TB-21280,493,6,2198.45,199.8590909090909,35,0.0,1
TB-21355,56,5,834.328,64.17907692307692,44,0.0,1
TB-21400,112,7,9133.99,537.2935294117647,55,0.0,1
TB-21520,17,9,4737.486,236.8743,85,0.0,1
TB-21595,195,5,1387.559,198.2227142857143,29,0.0,1
TB-21625,129,7,1674.552,128.8116923076923,48,2.0,0
TC-20980,309,5,19052.218,1587.6848333333335,42,0.0,1
TC-21145,16,1,1038.26,259.565,17,0.0,1
TC-21295,79,5,4076.318,313.5629230769231,54,3.0,0
TC-21475,63,9,1244.976,113.17963636363638,45,0.0,1
TC-21535,317,5,689.3860000000001,86.17325000000001,20,2.0,0
TD-20995,84,7,1381.7240000000002,106.28646153846155,49,2.0,0
TG-21310,247,5,3058.372,339.8191111111111,30,0.0,1
TG-21640,24,4,2074.661,207.4661,50,0.0,1
TH-21100,254,5,2422.824,346.11771428571427,29,0.0,1
TH-21115,450,3,2051.268,410.2536,18,1.0,0
TH-21235,27,8,1022.201,78.63084615384615,40,0.0,1
TH-21550,41,6,2600.908,216.74233333333333,40,1.0,0
TM-21010,13,8,2955.2259999999997,155.53821052631577,67,0.0,1
TM-21490,40,3,1094.6779999999999,273.66949999999997,12,0.0,1
TN-21040,289,6,3025.471,275.0428181818182,43,1.0,0
TP-21130,250,7,1619.076,179.89733333333334,29,2.0,0
TP-21415,14,5,5329.0048,532.90048,39,0.0,1
TP-21565,260,4,1936.6399999999999,193.664,48,0.0,1
TR-21325,103,5,675.9419999999999,96.56314285714284,22,0.0,1
TS-21085,267,2,4.833,2.4165,4,0.0,1
TS-21160,414,6,2163.6240000000003,127.27200000000002,60,0.0,1
TS-21205,108,7,5371.09,282.68894736842105,67,0.0,1
TS-21340,136,5,974.7819999999999,81.23183333333333,51,0.0,1
TS-21370,143,4,5399.437,539.9437,42,2.0,0
TS-21430,82,5,2054.14,293.4485714285714,31,0.0,1
TS-21505,13,4,1588.048,176.44977777777777,32,2.0,0
TS-21610,107,5,2403.4719999999998,400.5786666666666,25,2.0,0
TS-21655,148,5,3368.094,240.57814285714286,52,0.0,1
TT-21070,508,5,1102.436,137.8045,36,2.0,0
TT-21220,93,8,1427.0439999999999,95.13626666666666,55,0.0,1
TT-21265,316,3,439.5,146.5,8,0.0,1
TT-21460,42,5,2275.108,284.3885,32,2.0,0
TW-21025,72,6,5234.042,475.82200000000006,56,1.0,0
TZ-21580,587,3,1702.126,212.76575,28,1.0,0
VB-21745,207,5,1999.8159999999998,222.20177777777775,36,1.0,0
VD-21670,491,6,6442.254,402.640875,71,0.0,1
VF-21715,85,4,819.784,81.9784,31,1.0,0
VG-21790,64,6,846.01,105.75125,32,0.0,1
VG-21805,196,5,427.372,71.22866666666667,16,0.0,1
VM-21685,77,6,2408.6059999999998,218.9641818181818,34,1.0,0
VM-21835,27,5,380.69,47.58625,25,0.0,1
VP-21730,93,2,94.792,47.396,8,1.0,0
VP-21760,462,6,1466.74,122.22833333333334,56,1.0,0
VS-21820,131,4,1055.981,131.997625,38,0.0,1
VT-21700,910,2,1736.596,192.9551111111111,42,0.0,1
VW-21775,232,8,4208.298000000001,300.59271428571435,61,2.0,0
WB-21850,94,9,6022.989,177.14673529411763,136,2.0,0
XP-21865,332,7,1925.346,87.51572727272728,80,4.0,0
YC-21895,390,4,4703.67,671.9528571428572,29,1.0,0
YS-21880,44,7,5720.424,520.0385454545454,51,1.0,0
ZC-21910,104,12,7996.017,285.57203571428573,100,1.0,0
ZD-21925,112,5,1493.944,165.99377777777778,32,0.0,1
